question,option1,option2,option3,option4,correct_index,grade,topic,difficulty,explanation
"I ___ to school every day.","go","goes","going","went",0,prep1,grammar,easy,"نستخدم go مع I في المضارع البسيط"
"She ___ playing football now.","is","are","am","be",0,prep1,grammar,easy,"نستخدم is مع She في المضارع المستمر"
"They ___ to the park yesterday.","go","went","going","goes",1,prep1,grammar,easy,"نستخدم went لأن الجملة في الماضي"
"He ___ his homework every evening.","do","does","doing","did",1,prep1,grammar,easy,"نستخدم does مع He في المضارع البسيط"
"___ you like coffee?","Do","Does","Is","Are",0,prep1,grammar,easy,"نستخدم Do مع you في السؤال"
"The plural of child is children.","True","False","","",0,prep1,vocabulary,easy,"جمع child هو children"
"The past tense of go is goed.","True","False","","",1,prep1,grammar,easy,"الماضي من go هو went"
"Choose the correct spelling:","beautiful","beutiful","beautifull","butiful",0,prep1,vocabulary,easy,"الكتابة الصحيحة هي beautiful"
"I have ___ apple.","a","an","the","some",1,prep1,grammar,easy,"نستخدم an قبل الكلمات اللي تبدأ بحرف متحرك"
"___ is your name?","What","Who","Where","When",0,prep1,grammar,easy,"What is your name? سؤال عن الاسم"
"I ___ born in Egypt.","am","was","were","is",1,prep1,grammar,easy,"نستخدم was مع I في الماضي"
"She has lived here ___ 2010.","for","since","from","at",1,prep1,grammar,medium,"نستخدم since مع نقطة زمنية محددة"
"If I ___ rich, I would travel the world.","am","was","were","be",2,prep1,grammar,medium,"نستخدم were مع I في الجمل الشرطية"
"I look forward to ___ you.","meet","meeting","met","meets",1,prep1,grammar,medium,"بعد look forward to يأتي الفعل + ing"
"He is interested ___ learning English.","on","in","at","for",1,prep1,grammar,medium,"نستخدم interested in"
"The opposite of hot is ___.","cold","warm","cool","freezing",0,prep1,vocabulary,easy,"عكس hot هو cold"
"Choose the correct sentence:","She don't like tea","She doesn't like tea","She not like tea","She no like tea",1,prep1,grammar,easy,"الصحيح هو She doesn't like tea"
"I have been studying English ___ 5 years.","for","since","from","during",0,prep1,grammar,medium,"نستخدم for مع فترة زمنية"
"___ book is this?","Who","Whose","Whom","Which",1,prep1,grammar,medium,"نستخدم Whose للسؤال عن الملكية"
"The sun ___ in the east.","rise","rises","rising","rose",1,prep1,grammar,easy,"نستخدم rises لأن الفاعل مفرد"