passage,question,option1,option2,option3,option4,correct_index,grade,unit,topic,difficulty,explanation
"","Rewrite: The Ancient Egyptians built the pyramids. (were)","The pyramids were built by the Ancient Egyptians.","The pyramids were building by the Ancient Egyptians.","The pyramids was built by the Ancient Egyptians.","The Ancient Egyptians were built the pyramids.",0,sec1,unit1,rewrite,medium,"Passive: The pyramids were built by..."
"","Rewrite: Egypt was a center of learning. (known)","Egypt was known as a center of learning.","Egypt known was a center of learning.","Egypt was knowing as a center of learning.","Egypt know as a center of learning.",0,sec1,unit1,rewrite,medium,"was known as = كان معروفاً بـ."
"","Rewrite: Dr. Samira studied physics. (passionate)","Dr. Samira was passionate about studying physics.","Dr. Samira passionate physics.","Passionate she studied physics.","Dr. Samira was physics passionate.",0,sec1,unit1,rewrite,medium,"was passionate about + ing."
"","Rewrite: She wanted to help her community. (desire)","She had a strong desire to help her community.","She desire wanted help.","Her community desired help.","Strong desire her community.",0,sec1,unit1,rewrite,hard,"had a strong desire to."
"","Rewrite: He worked hard. (determination)","He worked with great determination.","He determination worked hard.","Great determination he worked.","Hard work determination.",0,sec1,unit1,rewrite,medium,"with great determination."
"","Rewrite: Dr. Gamal Hemdan wrote about Egypt. (author)","Dr. Gamal Hemdan was the author of books about Egypt.","Dr. Gamal Hemdan author wrote about Egypt.","Egypt was author about Hemdan.","Author Hemdan about Egypt.",0,sec1,unit1,rewrite,hard,"was the author of."
"","Rewrite: The Ancient Egyptians were clever. (cleverness)","The Ancient Egyptians showed great cleverness.","Cleverness the Ancient Egyptians.","The Ancient Egyptians cleverness showed.","Great cleverness were Egyptians.",0,sec1,unit1,rewrite,hard,"showed great cleverness."
"","Rewrite: Egypt has a rich history. (richness)","Egypt is known for the richness of its history.","Egypt rich has history.","History is rich in Egypt.","Richness Egypt history.",0,sec1,unit1,rewrite,hard,"the richness of its history."
"","Rewrite: Dr. Samira was a role model. (inspired)","Dr. Samira inspired many Egyptian girls.","Dr. Samira inspired role model.","Role model Dr. Samira.","Egyptian girls inspired role model.",0,sec1,unit1,rewrite,medium,"inspired many Egyptian girls."
"","Rewrite: The library of Alexandria was famous. (fame)","The library of Alexandria was known for its fame.","The library fame Alexandria was.","Famous was the library.","Alexandria famous library.",0,sec1,unit1,rewrite,hard,"was known for its fame."