question,option1,option2,option3,option4,correct_index,grade,unit,topic,difficulty,explanation
"I ___ to school every day.","go","goes","going","went",0,prep1,unit1,grammar,easy,"نستخدم go مع I في المضارع البسيط."
"She ___ playing football now.","play","plays","playing","played",1,prep1,unit1,grammar,easy,"نستخدم plays مع She في المضارع البسيط."
"We ___ to the park on Sundays.","go","goes","going","went",0,prep1,unit1,grammar,easy,"نستخدم go مع We في المضارع البسيط."
"He ___ his homework every evening.","do","does","doing","did",1,prep1,unit1,grammar,easy,"نستخدم does مع He في المضارع البسيط."
"They ___ English at school.","study","studies","studying","studied",0,prep1,unit1,grammar,easy,"نستخدم study مع They في المضارع البسيط."
"My father ___ to work by car.","go","goes","going","went",1,prep1,unit1,grammar,easy,"نستخدم goes مع He في المضارع البسيط."
"Sarah ___ ebooks on her tablet.","read","reads","reading","readed",1,prep1,unit1,grammar,easy,"نستخدم reads مع She في المضارع البسيط."
"The children ___ in the garden.","play","plays","playing","played",0,prep1,unit1,grammar,easy,"نستخدم play مع The children في المضارع البسيط."
"I ___ my phone every morning.","check","checks","checking","checked",0,prep1,unit1,grammar,easy,"نستخدم check مع I في المضارع البسيط."
"She ___ her emails after breakfast.","read","reads","reading","readed",1,prep1,unit1,grammar,easy,"نستخدم reads مع She."
"I ___ check my emails in the morning.","never","always","rarely","sometimes",1,prep1,unit1,grammar,easy,"always يعني 100% من الوقت."
"He ___ plays tennis on Fridays.","never","usually","rarely","sometimes",1,prep1,unit1,grammar,easy,"usually يعني في أغلب الأوقات."
"We ___ go to the park on Sundays.","always","sometimes","never","rarely",1,prep1,unit1,grammar,easy,"sometimes يعني من وقت لآخر."
"He ___ eats fast food. He doesn't like it.","always","never","usually","often",1,prep1,unit1,grammar,easy,"never يعني 0% من الوقت."
"My father ___ reads the newspaper every morning.","sometimes","always","rarely","never",1,prep1,unit1,grammar,easy,"always للعادات اليومية."
"I ___ use my tablet to read stories before bed.","always","usually","sometimes","never",1,prep1,unit1,grammar,easy,"usually يعني في أغلب الأوقات."
"She ___ goes to school by bus.","sometimes","usually","never","rarely",1,prep1,unit1,grammar,easy,"usually للعادات."
"Tarek ___ his phone every morning.","check","checks","checking","checked",1,prep1,unit1,grammar,easy,"نستخدم checks مع He."
"My parents ___ me to take breaks.","remind","reminds","reminding","reminded",0,prep1,unit1,grammar,easy,"نستخدم remind مع They."
"He ___ video games in the evening.","play","plays","playing","played",1,prep1,unit1,grammar,easy,"نستخدم plays مع He."
"We ___ our homework after school.","do","does","doing","did",0,prep1,unit1,grammar,easy,"نستخدم do مع We."
"She ___ to music while studying.","listen","listens","listening","listened",1,prep1,unit1,grammar,easy,"نستخدم listens مع She."
"They ___ English every day.","practice","practices","practicing","practiced",0,prep1,unit1,grammar,easy,"نستخدم practice مع They."
"Which word is a noun?","digital","technology","communicate","quickly",1,prep1,unit1,grammar,easy,"Technology اسم (شيء)."
"Which word is a verb?","computer","communicate","digital","quickly",1,prep1,unit1,grammar,easy,"Communicate فعل (حدث)."
"Which word is an adjective?","digital","technology","communicate","quickly",0,prep1,unit1,grammar,easy,"Digital صفة (تصف الاسم)."
"Which word is an adverb?","quickly","digital","technology","communicate",0,prep1,unit1,grammar,easy,"Quickly ظرف (يصف الفعل)."
"Which word is a noun?","keyboard","type","digital","fast",0,prep1,unit1,grammar,easy,"Keyboard اسم (شيء)."
"Which word is a verb?","screen","click","digital","fast",1,prep1,unit1,grammar,easy,"Click فعل (حدث)."
"Which word is an adjective?","digital","screen","click","fast",0,prep1,unit1,grammar,easy,"Digital صفة."
"Which word is a noun?","smartboard","click","digital","read",0,prep1,unit1,grammar,easy,"Smartboard اسم."
"Which word is a verb?","download","device","digital","online",0,prep1,unit1,grammar,easy,"Download فعل."
"Which word is an adjective?","online","website","search","click",0,prep1,unit1,grammar,easy,"Online صفة."
"The word 'safely' is a/an ___.","noun","verb","adjective","adverb",3,prep1,unit1,grammar,medium,"Safely ظرف (adverb)."
"The word 'protection' is a/an ___.","noun","verb","adjective","adverb",0,prep1,unit1,grammar,medium,"Protection اسم (noun)."
"The word 'protect' is a/an ___.","noun","verb","adjective","adverb",1,prep1,unit1,grammar,medium,"Protect فعل (verb)."
"The word 'protective' is a/an ___.","noun","verb","adjective","adverb",2,prep1,unit1,grammar,medium,"Protective صفة (adjective)."
"She ___ to school every day.","go","goes","going","went",1,prep1,unit1,grammar,easy,"نستخدم goes مع She."
"I ___ my homework in the evening.","does","do","doing","did",1,prep1,unit1,grammar,easy,"نستخدم do مع I."
"He ___ his phone every morning.","check","checks","checking","checked",1,prep1,unit1,grammar,easy,"نستخدم checks مع He."
"They ___ to the library every week.","go","goes","going","went",0,prep1,unit1,grammar,easy,"نستخدم go مع They."
"We ___ English at school.","study","studies","studying","studied",0,prep1,unit1,grammar,easy,"نستخدم study مع We."
"She ___ her homework after school.","do","does","doing","did",1,prep1,unit1,grammar,easy,"نستخدم does مع She."
"My brother ___ video games in the evening.","play","plays","playing","played",1,prep1,unit1,grammar,easy,"نستخدم plays مع He."
"The cat ___ milk every day.","drink","drinks","drinking","drank",1,prep1,unit1,grammar,easy,"نستخدم drinks مع The cat."
"I ___ to music while studying.","listen","listens","listening","listened",0,prep1,unit1,grammar,easy,"نستخدم listen مع I."
"She ___ her emails in the morning.","read","reads","reading","readed",1,prep1,unit1,grammar,easy,"نستخدم reads مع She."
"I ___ use my phone in class.","never","always","usually","often",0,prep1,unit1,grammar,easy,"never يعني أبداً."
"She ___ goes to bed early.","never","usually","rarely","sometimes",1,prep1,unit1,grammar,easy,"usually يعني في أغلب الأوقات."
"We ___ eat breakfast together.","always","sometimes","never","rarely",0,prep1,unit1,grammar,easy,"always يعني دائماً."
"He ___ forgets his homework.","never","always","usually","often",0,prep1,unit1,grammar,easy,"never يعني أبداً."
"I ___ check my messages.","always","sometimes","never","rarely",1,prep1,unit1,grammar,easy,"sometimes يعني من وقت لآخر."
"She ___ reads before bed.","never","usually","rarely","sometimes",1,prep1,unit1,grammar,easy,"usually يعني في أغلب الأوقات."
"What ___ you do on weekends?","do","does","doing","did",0,prep1,unit1,grammar,easy,"نستخدم do مع you."
"Where ___ she live?","do","does","doing","did",1,prep1,unit1,grammar,easy,"نستخدم does مع she."
"When ___ they go to school?","do","does","doing","did",0,prep1,unit1,grammar,easy,"نستخدم do مع they."
"___ he play football?","Do","Does","Is","Are",1,prep1,unit1,grammar,easy,"نستخدم Does مع he."
"___ you like coffee?","Do","Does","Is","Are",0,prep1,unit1,grammar,easy,"نستخدم Do مع you."